{
    "DMK": [
        0.0,
        0.8431372549019608,
        1.0,
        1
    ],
    "INC": [
        0.0,
        0.0,
        1.0,
        1
    ],
    "PMK": [
        0.5843137254901961,
        0.5647058823529412,
        0.1411764705882353,
        1
    ],
    "MAMAK": [
        0.0,
        0.5019607843137255,
        0.0,
        1
    ],
    "IND": [
        0,
        0,
        0,
        0.2
    ],
    "NOTA": [
        0,
        0,
        0,
        0.5
    ],
    "OTHER": [
        0.9411764705882353,
        0.9215686274509803,
        0.8431372549019608,
        1
    ],
    "VCK": [
        0.5294117647058824,
        0.027450980392156862,
        0.3137254901960784,
        1
    ],
    "BJP": [
        0.9803921568627451,
        0.7098039215686275,
        0.0196078431372549,
        1
    ],
    "IUML": [
        0.0,
        1.0,
        0.0,
        1
    ],
    "ADMK": [
        0.8862745098039215,
        0.8274509803921568,
        0.16862745098039217,
        1
    ],
    "PT": [
        0.7176470588235294,
        0.17254901960784313,
        0.4117647058823529,
        1
    ],
    "CPI": [
        1, 
        0.505, 
        0.505,
        1
    ],
    "NTK": [
        0.7764705882352941,
        0.16862745098039217,
        0.1607843137254902,
        1
    ],
    "AITC": [
        0,
        1,
        0,
        1
    ],
    "AIFB": [
        0.9372549019607843,
        0.3254901960784314,
        0.28627450980392155,
        1
    ],
    "GOJAM": [
        1,
        1,
        0,
        1
    ],
    "CPM": [
        1,
        0,
        0,
        1
    ],
    "RSP": [
        0,
        0,
        1,
        1
    ],
    "JD(U)": [
        0,
        0,
        1,
        0.5
    ],
    "NCP": [
        0.505,
        0.505,
        1,
        1
    ],
    "DSP(P)": [
        0.8588235294117647,
        0.19215686274509805,
        0.9215686274509803,
        1
    ],
    "JKP(N)": [
        0.4980392156862745,
        0.9215686274509803,
        0.19215686274509805,
        1
    ],
    "CPIM": [
        1,
        0,
        0,
        1
    ],
    "CMPKSC": [
        1.0,
        0.0,
        0.0,
        1
    ],
    "JD(S)": [
        0.0,
        0.392,
        0.0,
        1
    ],
    "KEC(J)": [
        0.6784313725490196,
        0.058823529411764705,
        0.7058823529411765,
        1
    ],
    "C(S)": [
        0.0,
        0.0,
        1.0,
        1
    ],
    "KEC(B)": [
        0.26666666666666666,
        0.7019607843137254,
        0.8784313725490196,
        1
    ],
    "KEC(M)": [
        1,
        1,
        0,
        1
    ],
    "NSC": [
        0.6470588235294118,
        0.16470588235294117,
        0.16470588235294117,
        1
    ],
    "INL": [
        0,
        0.3,
        0,
        1
    ],
    "KCST": [
        0,
        0,
        0,
        1
    ],
    "BOPF": [
        0.945,
        1,
        0.0509,
        1
    ],
    "AGP": [
        0.0,
        0.8431372549019608,
        1.0,
        1
    ],
    "AIUDF": [
        0.0,
        1.0,
        0.0,
        1
    ],
    "BGANP": [
        0.7490,
        0.2745,
        0,
        1
    ],
    "AINRC": [
        0.945,
        1,
        0.0509,
        1
    ],
    "AJSU":[
        1,
        0.2,
        1,
        1
    ],
    "MNM":[
        0.603,
        0,
        0.027,
        1
    ],
    "TMC(M)": [
        0.945,
        0.8,
        0.66,
        1
    ],
    "DMDK": [
        1,
        1,
        0,
        1
    ],
    "UPPL": [
        1,
        0.5,
        0,
        0.5
    ],
    "JKC":[
        0.988,
        0.384,
        0.85,
        1
    ],
    "KEC":[
        0.8431372549019608,
        0.6274509803921569,
        0.596078431372549,
        1
    ],
    "LJD":[
        0.7372549019607844,
        0.8352941176470589,
        0.9568627450980393,
        1
    ],
    "RMPOI":[
        0.9254901960784314,
        0.19215686274509805,
        0.6588235294117647,
        1
    ],
    "RSMP":[
        0,
        0.38,
        0,
        1
    ],
    "AJP":[
        0.41568627450980394,
        0.5294117647058824,
        0.9764705882352941,
        1
    ]
}